Term,Count
deemed,350
sector,355
identified,331
worldwide,621
related,801
west,460
support,709
ionization,511
range,703
attendant,356
simultaneous,481
among,1559
importance,1290
completed,634
transmission,2023
ide,907
aging,1181
nucleotide,637
drms,314
laboratory,1876
investigated,956
question,345
paper,838
serum,885
released,1325
country,1249
gather,406
protease,652
via,810
possible,202
effect,608
selected,334
infection,2926
calibration,465
detected,558
relative,663
comprehensive,1493
genotypic,281
previous,291
could,325
seven,707
week,372
immune,892
postnatal,683
explored,960
colinear,592
perception,510
hcv,716
potential,440
dna,949
presenting,487
consisted,365
homogenate,522
improves,880
acid,741
associated,996
vary,965
tb,1819
south,574
prepared,502
specificity,679
specialist,930
clinical,1159
recent,830
strain,918
total,319
drm,312
cirrhosis,785
higher,1199
acceptable,527
linear,460
human,1503
genotype,699
gained,635
finding,743
evolve,615
pcr,734
choice,283
moreover,672
show,539
activity,995
amino,767
thoroughly,809
represents,701
surface,1516
activated,362
severity,279
lung,605
progression,1366
transcriptase,1446
sought,1350
unique,881
contribute,905
immunologic,576
order,587
demonstrating,270
ir,788
insufficient,201
ass,2438
cohort,972
sample,988
care,3201
increase,1452
immunodeficiency,1792
prior,499
antigen,377
observed,517
ltr,1420
inhibitor,1559
curve,502
hindered,418
illness,541
persisted,223
cryptosporidium,2248
nrti,911
collect,209
iranian,574
immigrant,827
catchment,331
backbone,292
impairment,283
bronchoalveolar,355
required,962
count,2095
city,1255
radical,370
sequencing,394
genus,568
blood,1402
nonfunctional,370
people,2213
disease,1789
reliable,467
electrospray,442
restoration,877
diarrhoea,586
faecal,643
contact,573
responsible,370
isolated,409
telomerase,880
parasitosis,570
determination,524
mononuclear,461
worked,438
training,732
swarm,555
reciprocal,707
protein,864
dental,1917
zululand,314
pharmacokinetics,477
office,497
serious,562
class,681
challenge,643
came,225
medical,408
imply,216
long,331
neurologic,291
presence,785
explore,432
initiating,944
medication,1089
feature,1221
accelerates,834
considering,838
evolved,300
two,1284
service,1297
identify,448
disposition,453
cold,543
survey,1620
supervision,340
england,477
synergism,183
dementia,257
subject,661
stained,577
traditional,307
apulia,569
site,892
remains,1623
useful,301
intervention,204
silico,281
list,303
line,335
primary,905
delivery,1408
prenatal,345
sedimentation,573
activation,317
acceptance,447
failure,394
consequence,298
dentist,1070
assistant,969
enrolled,282
level,1235
performed,531
lavage,327
exaggerated,353
northern,804
additionally,302
course,566
frequency,1130
determinant,804
hiv,5298
intensified,216
interleukin,820
therapy,2020
selective,304
connected,199
fibrosis,837
preexisting,347
stool,559
data,887
researcher,330
modulators,838
association,597
routine,602
mass,448
within,1268
le,462
integration,1643
north,437
pressure,1035
phase,499
load,321
consequent,781
drug,2855
characteristic,1467
found,1260
reasonable,312
chain,394
negative,1138
adherence,2202
epidemiology,776
natal,362
descriptive,489
five,328
syndrome,552
ddi,1861
may,1984
commercial,564
individual,3660
phone,397
coinfection,1541
neurological,906
worker,573
increased,1604
analytes,445
spectrometry,470
experience,431
population,1425
documented,837
regulates,294
closely,217
yet,189
region,1748
control,998
play,394
shiraz,474
developed,531
criterion,894
insufficiency,182
undergoing,533
belief,697
october,512
containing,601
perspective,187
three,428
insertion,404
general,938
tuberculosis,886
study,2831
york,1296
even,564
absolute,899
part,305
iii,276
hdv,1585
volunteer,681
nnrti,658
fitness,294
variant,1075
phospholipase,868
validated,972
env,301
low,717
error,1223
tat,865
first,830
combination,859
knowledge,2539
hypothesized,1116
mode,497
insecurity,904
virus,1895
increasing,894
incidence,1432
italy,1132
year,788
infected,1111
group,1562
interquartile,318
ctls,925
pill,404
result,1367
using,527
haartin,885
introduction,742
polymorphism,1073
fingerprint,928
analyzed,788
ltc,434
determined,645
social,440
relevance,871
resistance,1694
concentrated,529
resulted,598
cart,1725
utilizing,299
ability,313
decrease,805
questionnaire,689
expression,1205
insulin,842
liver,2054
already,310
clone,285
oh,903
mechanism,557
full,447
implementation,950
injury,746
cause,852
sex,1127
defect,307
constituted,331
complication,1155
unclear,724
receptor,330
nested,371
thematically,427
whether,784
woman,617
nucleoside,315
aid,1186
tenofovir,503
epidemic,558
prisoner,567
evolving,461
current,166
symptom,336
aim,1111
column,478
compared,1147
single,894
patient,7163
active,1549
reaction,414
lead,297
factor,1671
number,344
however,1698
immunocompromised,551
native,298
sp,270
interacting,283
suggested,707
retrospective,810
concern,1150
isolates,623
haart,1667
rna,309
main,407
reported,408
normal,1567
tbas,2084
jail,1331
evaluated,1159
snp,1465
next,164
pattern,1904
treatment,1336
linked,972
occurring,311
nucleos,899
develop,356
user,205
attitude,634
done,611
mutation,3016
seems,724
risk,1064
cryptosporidiosis,543
iran,560
development,291
province,350
context,724
precision,467
structure,309
alone,462
necessary,321
method,1551
drexelmed,298
successfully,490
testing,296
separated,485
multiple,285
antiretroviral,1756
misconception,508
resident,520
changed,809
collected,179
abaqulusi,308
demonstrated,1379
art,606
new,2036
time,470
diarrhoeal,595
reveal,322
downmodulate,334
stop,396
surrogate,906
thus,283
na√Øve,291
adverse,867
concluded,448
interaction,1004
evolution,1013
world,741
gene,1353
rural,313
stigma,409
health,1714
management,621
encourage,186
orally,486
diagnosed,698
era,282
use,1690
suggest,338
sexual,639
outcome,2071
fgs,443
detect,388
administrated,446
faced,462
heterosexual,1218
rate,754
hbv,3434
onset,562
subset,318
western,339
formal,344
inhibition,827
manageable,412
nigerian,909
complex,412
access,927
test,1121
men,1687
longitudinal,424
hbsag,1152
cytolytic,345
hepatitis,2173
utilized,315
four,474
hence,302
analysis,286
participant,572
important,276
diagnosis,573
beneficial,343
genetic,1145
portal,804
basal,282
acquired,511
address,197
treated,509
qualitative,409
pr,647
distinguishing,939
particularly,891
alteration,316
problem,395
europe,703
applied,486
recorded,444
role,413
host,730
especially,1198
take,192
condition,897
ten,776
theme,425
central,625
marseille,702
proliferative,327
impede,177
ethiopian,603
directly,756
consecutively,303
still,332
naturally,296
intention,539
lymphocyte,1859
codon,385
would,328
highly,736
cell,3716
food,1298
received,449
well,339
source,477
perform,1560
resource,555
apart,178
specific,679
contracting,513
recognition,442
america,621
response,1339
addition,316
correlated,305
audio,595
termed,467
position,850
poverty,188
detection,999
birth,347
concentration,485
prevalence,2195
interfere,213
studied,710
examined,424
amplified,704
impact,1212
fg,394
status,841
clinic,312
assessment,643
stand,404
sampling,304
case,1727
expansion,309
aimed,410
least,182
predict,301
extraction,482
determine,385
ctl,338
substitution,371
regarding,369
threshold,261
december,540
envelope,317
prediction,298
variety,372
respondent,529
used,977
also,464
major,553
remain,672
liguria,811
significant,331
achieve,192
pregnancy,346
good,331
one,309
organization,275
demonstrate,199
molecular,275
vaccination,833
nongenetic,388
practice,320
spectrum,310
change,854
derived,604
peripheral,612
plan,1246
viral,867
replacement,375
rt,623
function,240
independent,865
advance,452
conducted,1081
participated,639
influence,758
lack,412
frameshift,419
transitional,1315
modified,533
district,337
staff,404
ltcs,853
manually,451
epidemiologically,938
contrast,319
accelerated,862
protozoan,563
genomic,306
adjusting,389
relation,370
investigate,522
sequence,574
instruction,188
appeared,207
account,198
practicing,374
solid,465
condom,574
respectively,317
plwh,568
difference,325
likely,404
repeat,305
informed,164
limit,316
currently,309
ga,188
metabolite,443
addressing,583
mutant,385
marker,1404
altered,285
sequenced,317
proportion,283
significantly,941
facility,335
regulating,293
ltrs,592
afford,914
occult,1366
counting,209
transcribed,443
proper,281
mycobacterium,910
premature,422
disruptive,168
many,528
compare,993
limited,907
synergistic,200
cytotoxic,309
predicting,278
fumarate,521
disoproxyl,492
technique,533
guatemala,599
atlanta,195
advanced,291
reverse,1515
hilic,463
utilization,350
polymerase,372
phc,337
esi,449
continue,537
focus,1018
transcriptional,294
exceeding,314
area,1165
view,446
detrimental,197
mainly,335
unscheduled,199
tool,347
policy,404
percentage,327
terminal,292
moderate,202
equipped,433
tdf,458
median,293
living,194
research,179
allow,289
